{
  "sysinfo@playground": {
    "rx": 0.8747099767981439,
    "ry": 0.12472160356347439,
    "w": 279,
    "h": 250,
    "s": "1.1627906976744187"
  }
}