{
  "SevenSegmentClock@lxs242": {
    "rx": 0.8509389671361502,
    "ry": 0.05862646566164154
  }
}