{
  "SevenSegmentClock@lxs242": {
    "rx": 0.6102292768959435,
    "ry": 0.046875
  }
}