{
  "sysinfo@playground": {
    "rx": 0.8944591029023746,
    "ry": 0.1099476439790576,
    "w": 279,
    "h": 250,
    "s": "1.1627906976744187"
  }
}